recipe_id,menu_item_id,ingredient_name,ingredient_id,quantity_per_base_unit,wastage_factor
RCP-0001,ITEM-001,Ginger/Garlice Paste,ING-050,0.5,1.05
RCP-0002,ITEM-001,Small onion,ING-079,1.4,1.05
RCP-0003,ITEM-001,tomato,ING-085,0.7,1.05
RCP-0004,ITEM-001,green chillies (grams),ING-012,0.05,1.05
RCP-0005,ITEM-001,MASALA Powder,ING-018,0.24,1.05
RCP-0006,ITEM-001,Chicken,ING-019,6.0,1.05
RCP-0007,ITEM-001,Refined oil,ING-058,0.5,1.05
RCP-0008,ITEM-001,Curry leaves pieces,ING-037,2.0,1.05
RCP-0009,ITEM-001,crushed garlic,UNMATCHED,0.2,1.05
RCP-0010,ITEM-001,big onions chopped,UNMATCHED,1.6,1.05
RCP-0011,ITEM-001,Now add Marinate and fry,UNMATCHED,0.0,1.05
RCP-0012,ITEM-001,Add coconut oil,UNMATCHED,0.5,1.05
RCP-0013,ITEM-001,yield,UNMATCHED,8000.0,1.05
RCP-0014,ITEM-001,Cost per gm,UNMATCHED,281.4625,1.05
RCP-0015,ITEM-002,oil,ING-008,1.0,1.05
RCP-0016,ITEM-002,cinnamon,ING-025,0.03,1.05
RCP-0017,ITEM-002,elaichi,UNMATCHED,0.03,1.05
RCP-0018,ITEM-002,cloves,ING-027,0.03,1.05
RCP-0019,ITEM-002,Onion peeled,ING-065,2.0,1.05
RCP-0020,ITEM-002,tomato,ING-085,3.0,1.05
RCP-0021,ITEM-002,Corriander powder,UNMATCHED,0.15,1.05
RCP-0022,ITEM-002,chilli powder,ING-024,0.15,1.05
RCP-0023,ITEM-002,ckn masala powder,UNMATCHED,0.3,1.05
RCP-0024,ITEM-002,kashmiri chilliw powder,ING-106,0.01,1.05
RCP-0025,ITEM-002,turmeric powder,ING-088,0.01,1.05
RCP-0026,ITEM-002,ckn bone,UNMATCHED,3.0,1.05
RCP-0027,ITEM-002,130,UNMATCHED,2.0,1.05
RCP-0028,ITEM-002,coc oil,UNMATCHED,0.15,1.05
RCP-0029,ITEM-002,cashew thool,ING-015,0.75,1.05
RCP-0030,ITEM-002,pottu kadalai,UNMATCHED,0.75,1.05
RCP-0031,ITEM-002,Coconut full,ING-028,2.0,1.05
RCP-0032,ITEM-002,Cost for 25 kg net weight,UNMATCHED,2190.9,1.05
RCP-0033,ITEM-002,cost per kg net weight,UNMATCHED,87.63600000000001,1.05
RCP-0034,ITEM-002,cost per gm,UNMATCHED,0.087636,1.05
RCP-0035,ITEM-003,Ghee,ING-049,0.2,1.05
RCP-0036,ITEM-003,Oil,ING-008,0.2,1.05
RCP-0037,ITEM-003,Peeled Garlic,UNMATCHED,0.15,1.05
RCP-0038,ITEM-003,cinnamon,ING-025,0.006,1.05
RCP-0039,ITEM-003,elaichi,UNMATCHED,0.006,1.05
RCP-0040,ITEM-003,cloves,ING-027,0.006,1.05
RCP-0041,ITEM-003,Sombu,ING-042,0.01,1.05
RCP-0042,ITEM-003,Bay leaves,ING-003,0.004,1.05
RCP-0043,ITEM-003,Pudina leaves,UNMATCHED,0.2,1.05
RCP-0044,ITEM-003,Milk in ML,UNMATCHED,1.0,1.05
RCP-0045,ITEM-003,salt,ING-075,0.09,1.05
RCP-0046,ITEM-003,Rice,ING-002,2.0,1.05
RCP-0047,ITEM-003,Ghee,ING-049,0.15,1.05
RCP-0048,ITEM-004,Ingredient,UNMATCHED,2.0,1.05
RCP-0049,ITEM-004,Mutton,ING-063,2000.0,1.05
RCP-0050,ITEM-004,small onion,ING-079,500.0,1.05
RCP-0051,ITEM-004,big onion,UNMATCHED,600.0,1.05
RCP-0052,ITEM-004,turmeric powder,ING-088,10.0,1.05
RCP-0053,ITEM-004,Ginger garlic paste,ING-050,250.0,1.05
RCP-0054,ITEM-004,water,ING-040,1000.0,1.05
RCP-0055,ITEM-004,Refined oil,ING-058,200.0,1.05
RCP-0056,ITEM-004,big onion,UNMATCHED,600.0,1.05
RCP-0057,ITEM-004,Mutton varuval masala,ING-063,140.0,1.05
RCP-0058,ITEM-004,add coconut oil,UNMATCHED,200.0,1.05
RCP-0059,ITEM-004,FC,UNMATCHED,138.0,1.05
RCP-0060,ITEM-004,Retail Cost,UNMATCHED,289.0,1.05
RCP-0061,ITEM-004,After Discount,UNMATCHED,260.1,1.05
RCP-0062,ITEM-004,After delivery,UNMATCHED,189.87300000000002,1.05
RCP-0063,ITEM-004,Net Margin on Delivery,UNMATCHED,51.87300000000002,1.05
RCP-0064,ITEM-004,Net Margin on Takeaway,UNMATCHED,122.10000000000002,1.05
RCP-0065,ITEM-004,FC % on MRP,UNMATCHED,0.47750865051903113,1.05
RCP-0066,ITEM-004,FC % on Delivery,UNMATCHED,0.7268015989635176,1.05
RCP-0067,ITEM-004,FC % on Takeaway,UNMATCHED,0.5305651672433679,1.05
RCP-0068,ITEM-005,Raw Rice,UNMATCHED,0.35,1.05
RCP-0069,ITEM-005,Paasi Parupu,ING-061,1000.0,1.05
RCP-0070,ITEM-005,Oil,ING-008,30.0,1.05
RCP-0071,ITEM-005,Ghee,ING-049,80.0,1.05
RCP-0072,ITEM-005,Asafoetida Powder (LG),ING-001,2000.0,1.05
RCP-0073,ITEM-005,Pepper,ING-006,35.0,1.05
RCP-0074,ITEM-005,Ginger,ING-050,3145.35,1.05
RCP-0075,ITEM-006,2.0,UNMATCHED,1.5,1.05
RCP-0076,ITEM-007,Lunch Sambar,UNMATCHED,,1.05
RCP-0077,ITEM-007,25 Person,UNMATCHED,,1.05
RCP-0078,ITEM-007,Tomato,ING-085,,1.05
RCP-0079,ITEM-007,Small Onion,ING-079,,1.05
RCP-0080,ITEM-007,Big Onion,UNMATCHED,,1.05
RCP-0081,ITEM-007,Green Chilly,ING-012,,1.05
RCP-0082,ITEM-007,Curry Leaf,ING-037,,1.05
RCP-0083,ITEM-007,Drum Stick,UNMATCHED,,1.05
RCP-0084,ITEM-007,Brinjal,ING-009,,1.05
RCP-0085,ITEM-007,Oil,ING-008,,1.05
RCP-0086,ITEM-007,Kadugu,UNMATCHED,,1.05
RCP-0087,ITEM-007,Jeera,ING-035,,1.05
RCP-0088,ITEM-007,Orid Dhal,UNMATCHED,,1.05
RCP-0089,ITEM-007,Red Chilly,ING-072,,1.05
RCP-0090,ITEM-007,Turmeric Powder,ING-088,,1.05
RCP-0091,ITEM-007,Chilly Powder,ING-024,,1.05
RCP-0092,ITEM-007,Malli Powder,UNMATCHED,,1.05
RCP-0093,ITEM-007,Sambar Powder,ING-070,,1.05
RCP-0094,ITEM-007,L.G    Powder,UNMATCHED,,1.05
RCP-0095,ITEM-007,Thuvaram Parupu,ING-087,,1.05
RCP-0096,ITEM-007,Salt,ING-075,,1.05
RCP-0097,ITEM-007,Puli,ING-083,,1.05
RCP-0098,ITEM-007,Garlic,ING-048,,1.05
RCP-0099,ITEM-007,Ghee,ING-049,,1.05
RCP-0100,ITEM-007,Malli Leaf,UNMATCHED,,1.05
RCP-0101,ITEM-007,Total,UNMATCHED,0.0,1.05
RCP-0102,ITEM-007,Per gram,UNMATCHED,,1.05
RCP-0103,ITEM-008,Rasam,UNMATCHED,,1.05
RCP-0104,ITEM-008,25 Person,UNMATCHED,,1.05
RCP-0105,ITEM-008,Tomato,ING-085,,1.05
RCP-0106,ITEM-008,Green Chilly,ING-012,,1.05
RCP-0107,ITEM-008,Karuvapilai,UNMATCHED,,1.05
RCP-0108,ITEM-008,Garlic,ING-048,,1.05
RCP-0109,ITEM-008,Oil,ING-008,,1.05
RCP-0110,ITEM-008,Kadugu,UNMATCHED,,1.05
RCP-0111,ITEM-008,Vendhayam,ING-043,,1.05
RCP-0112,ITEM-008,Jeera,ING-035,,1.05
RCP-0113,ITEM-008,Pepper,ING-006,,1.05
RCP-0114,ITEM-008,Red Chilly,ING-072,,1.05
RCP-0115,ITEM-008,Puli,ING-083,,1.05
RCP-0116,ITEM-008,Turmeric Powder,ING-088,,1.05
RCP-0117,ITEM-008,L.G,ING-005,,1.05
RCP-0118,ITEM-008,Salt,ING-075,,1.05
RCP-0119,ITEM-008,Malli leafs,UNMATCHED,,1.05
RCP-0120,ITEM-008,Chilly Powder,ING-024,,1.05
RCP-0121,ITEM-008,Malli Powder,UNMATCHED,,1.05
RCP-0122,ITEM-008,Coconut Oil,ING-028,,1.05
RCP-0123,ITEM-009,Pasi Parrupu,ING-095,,1.05
RCP-0124,ITEM-009,25 Person,UNMATCHED,,1.05
RCP-0125,ITEM-009,OIL,ING-008,,1.05
RCP-0126,ITEM-009,KADUGU,UNMATCHED,,1.05
RCP-0127,ITEM-009,JEERA,ING-035,,1.05
RCP-0128,ITEM-009,URID DHAL,UNMATCHED,,1.05
RCP-0129,ITEM-009,KADALAI PARUPPU,ING-005,,1.05
RCP-0130,ITEM-009,ONION,ING-065,,1.05
RCP-0131,ITEM-009,TOMATO,ING-085,,1.05
RCP-0132,ITEM-009,GREEN CHILLY,ING-012,,1.05
RCP-0133,ITEM-009,GARLIC,ING-048,,1.05
RCP-0134,ITEM-009,CURRY LEAVES,ING-037,,1.05
RCP-0135,ITEM-009,PAASI PARUPPU,ING-061,,1.05
RCP-0136,ITEM-009,TURMERIC,ING-088,,1.05
RCP-0137,ITEM-009,RED CHILLY,ING-072,,1.05
RCP-0138,ITEM-009,GHEE,ING-049,,1.05
RCP-0139,ITEM-009,SALT,ING-075,,1.05
RCP-0140,ITEM-009,MALLI LEAVES,UNMATCHED,,1.05
RCP-0141,ITEM-010,PULI KUZHAMBU,UNMATCHED,,1.05
RCP-0142,ITEM-010,25 Person,UNMATCHED,,1.05
RCP-0143,ITEM-010,TOMATO,ING-085,0.0,1.05
RCP-0144,ITEM-010,SMALL ONION,ING-079,0.0,1.05
RCP-0145,ITEM-010,BIG ONION,UNMATCHED,0.0,1.05
RCP-0146,ITEM-010,GREE CHILLY,UNMATCHED,0.0,1.05
RCP-0147,ITEM-010,CURRY LEAVES,ING-037,0.0,1.05
RCP-0148,ITEM-010,GARLIC,ING-048,0.0,1.05
RCP-0149,ITEM-010,BRINJAL,ING-009,0.0,1.05
RCP-0150,ITEM-010,PULI,ING-083,0.0,1.05
RCP-0151,ITEM-010,GINGILLY OIL,UNMATCHED,0.0,1.05
RCP-0152,ITEM-010,VANDHAYAM,UNMATCHED,0.0,1.05
RCP-0153,ITEM-010,KADUGU,UNMATCHED,0.0,1.05
RCP-0154,ITEM-010,PEPPER,ING-006,0.0,1.05
RCP-0155,ITEM-010,TURMERIC POWDER,ING-088,0.0,1.05
RCP-0156,ITEM-010,CHILLY POWDER,ING-024,0.0,1.05
RCP-0157,ITEM-010,MALLI POWDER,UNMATCHED,0.0,1.05
RCP-0158,ITEM-010,COCONUT (GRINDED),ING-028,0.0,1.05
RCP-0159,ITEM-010,SALT,ING-075,0.0,1.05
RCP-0160,ITEM-010,VELLAM,UNMATCHED,0.0,1.05
RCP-0161,ITEM-010,MALLI LEAF,UNMATCHED,0.0,1.05
RCP-0162,ITEM-010,ANI SEEDS,UNMATCHED,0.0,1.05
RCP-0163,ITEM-010,CASHEW  NUTS,ING-015,0.0,1.05
RCP-0164,ITEM-010,Total,UNMATCHED,0.0,1.05
RCP-0165,ITEM-010,Per gram,UNMATCHED,,1.05
RCP-0166,ITEM-011,MOOR KUZHABU,UNMATCHED,,1.05
RCP-0167,ITEM-011,25 Person,UNMATCHED,,1.05
RCP-0168,ITEM-011,COCONUT OIL,ING-028,0.0,1.05
RCP-0169,ITEM-011,PEPPER,ING-006,0.0,1.05
RCP-0170,ITEM-011,JEERA,ING-035,0.0,1.05
RCP-0171,ITEM-011,GREEN CHILLY,ING-012,0.0,1.05
RCP-0172,ITEM-011,CURRY LEAVES,ING-037,0.0,1.05
RCP-0173,ITEM-011,COCONUT (GRINDED),ING-028,5.0,1.05
RCP-0174,ITEM-011,CASHEW NUT,ING-015,0.0,1.05
RCP-0175,ITEM-011,CURD,ING-036,0.0,1.05
RCP-0176,ITEM-011,TURMERIC POWDER,ING-088,0.0,1.05
RCP-0177,ITEM-011,L.G    POWDER,UNMATCHED,0.0,1.05
RCP-0178,ITEM-011,SALT,ING-075,0.0,1.05
RCP-0179,ITEM-011,VELLAI PUSANNI,UNMATCHED,0.0,1.05
RCP-0180,ITEM-011,MALLI LEAVES,UNMATCHED,0.0,1.05
RCP-0181,ITEM-011,Total,UNMATCHED,0.0,1.05
RCP-0182,ITEM-011,Per gram,UNMATCHED,,1.05
RCP-0183,ITEM-012,CUTLET,UNMATCHED,,1.05
RCP-0184,ITEM-012,25 Person,UNMATCHED,,1.05
RCP-0185,ITEM-012,OIL,ING-008,0.0,1.05
RCP-0186,ITEM-012,ELACHI,ING-013,0.0,1.05
RCP-0187,ITEM-012,ANI SEEDS,UNMATCHED,0.0,1.05
RCP-0188,ITEM-012,G.G.PASTE,UNMATCHED,0.0,1.05
RCP-0189,ITEM-012,BIG ONION,UNMATCHED,0.0,1.05
RCP-0190,ITEM-012,TOMATO,ING-085,5.0,1.05
RCP-0191,ITEM-012,GREEN CHILLY,ING-012,0.0,1.05
RCP-0192,ITEM-012,CURRY LEAVES,ING-037,0.0,1.05
RCP-0193,ITEM-012,COCONUT (GRINDED),ING-028,0.0,1.05
RCP-0194,ITEM-012,TURMERIC POWDER,ING-088,0.0,1.05
RCP-0195,ITEM-012,CHILLY POWDER,ING-024,0.0,1.05
RCP-0196,ITEM-012,MALLI POWDER,UNMATCHED,0.0,1.05
RCP-0197,ITEM-012,CHICKEN Or MUTTON MASALA,ING-019,0.0,1.05
RCP-0198,ITEM-012,COCONUT OIL,ING-028,0.0,1.05
RCP-0199,ITEM-012,MINT LEAVES,ING-060,0.0,1.05
RCP-0200,ITEM-012,MALLI LEAVES,UNMATCHED,0.0,1.05
RCP-0201,ITEM-012,SALT,ING-075,0.0,1.05
RCP-0202,ITEM-012,Total,UNMATCHED,0.0,1.05
RCP-0203,ITEM-012,Per gram,UNMATCHED,,1.05
RCP-0204,ITEM-013,PORIYAL,UNMATCHED,,1.05
RCP-0205,ITEM-013,25 Person,UNMATCHED,,1.05
RCP-0206,ITEM-013,ONION,ING-065,0.0,1.05
RCP-0207,ITEM-013,GREEN CHILLY,ING-012,0.0,1.05
RCP-0208,ITEM-013,CURRY LEAVES,ING-037,0.0,1.05
RCP-0209,ITEM-013,RED CHILLY,ING-072,0.0,1.05
RCP-0210,ITEM-013,GARLIC,ING-048,0.0,1.05
RCP-0211,ITEM-013,COCONUT GRINDED,ING-028,5.0,1.05
RCP-0212,ITEM-013,OIL,ING-008,0.0,1.05
RCP-0213,ITEM-013,KADUGU,UNMATCHED,0.0,1.05
RCP-0214,ITEM-013,JEERA,ING-035,0.0,1.05
RCP-0215,ITEM-013,L.G POWDER,UNMATCHED,0.0,1.05
RCP-0216,ITEM-013,SALT,ING-075,0.0,1.05
RCP-0217,ITEM-013,COCONUT OIL,ING-028,0.0,1.05
RCP-0218,ITEM-013,VEGETABLES,UNMATCHED,0.0,1.05
RCP-0219,ITEM-013,MALLI LEAVES,UNMATCHED,0.0,1.05
RCP-0220,ITEM-013,KADALAI PARUPPU,ING-005,0.0,1.05
RCP-0221,ITEM-013,Total,UNMATCHED,,1.05
RCP-0222,ITEM-013,Per gram,UNMATCHED,,1.05
RCP-0223,ITEM-014,KOOTU,UNMATCHED,,1.05
RCP-0224,ITEM-014,25 Person,UNMATCHED,,1.05
RCP-0225,ITEM-014,ONION,ING-065,0.0,1.05
RCP-0226,ITEM-014,TOMATO,ING-085,0.0,1.05
RCP-0227,ITEM-014,GREEN CHILLY,ING-012,0.0,1.05
RCP-0228,ITEM-014,JEERA,ING-035,0.0,1.05
RCP-0229,ITEM-014,COCONUT (GRINDED),ING-028,0.0,1.05
RCP-0230,ITEM-014,CURRY LEAVES,ING-037,0.0,1.05
RCP-0231,ITEM-014,OIL,ING-008,0.0,1.05
RCP-0232,ITEM-014,COCONUT OIL,ING-028,0.0,1.05
RCP-0233,ITEM-014,KADUGU,UNMATCHED,0.0,1.05
RCP-0234,ITEM-014,ORID DHAL,UNMATCHED,0.0,1.05
RCP-0235,ITEM-014,KADALAI PARUPPU,ING-005,0.0,1.05
RCP-0236,ITEM-014,TURMERIC POWDER,ING-088,0.0,1.05
RCP-0237,ITEM-014,PASI PARUPPU,ING-095,0.0,1.05
RCP-0238,ITEM-014,VEGETABLES,UNMATCHED,0.0,1.05
RCP-0239,ITEM-014,CURD,ING-036,0.0,1.05
RCP-0240,ITEM-014,SALT,ING-075,0.0,1.05
RCP-0241,ITEM-014,Total,UNMATCHED,0.0,1.05
RCP-0242,ITEM-014,Per gram,UNMATCHED,,1.05
RCP-0243,ITEM-015,KARA CURRY,UNMATCHED,,1.05
RCP-0244,ITEM-015,25 Person,UNMATCHED,,1.05
RCP-0245,ITEM-015,ONION,ING-065,0.0,1.05
RCP-0246,ITEM-015,TOMATO,ING-085,0.0,1.05
RCP-0247,ITEM-015,GREEN CHILLY,ING-012,0.0,1.05
RCP-0248,ITEM-015,CURRY LEAVES,ING-037,0.0,1.05
RCP-0249,ITEM-015,VEGETABLES,UNMATCHED,0.0,1.05
RCP-0250,ITEM-015,COCONUT (GRINDED),ING-028,0.0,1.05
RCP-0251,ITEM-015,RED CHILLY,ING-072,0.0,1.05
RCP-0252,ITEM-015,PEANUT,ING-110,0.0,1.05
RCP-0253,ITEM-015,SALT,ING-075,0.0,1.05
RCP-0254,ITEM-015,OIL,ING-008,0.0,1.05
RCP-0255,ITEM-015,KADUGU,UNMATCHED,0.0,1.05
RCP-0256,ITEM-015,ANI SEEDS,UNMATCHED,0.0,1.05
RCP-0257,ITEM-015,G.G PASTE,UNMATCHED,0.0,1.05
RCP-0258,ITEM-015,TURMERIC POWDER,ING-088,0.0,1.05
RCP-0259,ITEM-015,CHILLY POWDER,ING-024,0.0,1.05
RCP-0260,ITEM-015,MALLI POWDER,UNMATCHED,0.0,1.05
RCP-0261,ITEM-015,KADALAI PARUPPU,ING-005,0.0,1.05
RCP-0262,ITEM-015,ELACHI,ING-013,0.0,1.05
RCP-0263,ITEM-015,CHICKEN AND MUTTON MASALA,ING-019,0.0,1.05
RCP-0264,ITEM-015,MALI LEAVES,UNMATCHED,0.0,1.05
RCP-0265,ITEM-015,COCONUT OIL,ING-028,0.0,1.05
RCP-0266,ITEM-015,Total,UNMATCHED,0.0,1.05
RCP-0267,ITEM-015,Per gram,UNMATCHED,,1.05
RCP-0268,ITEM-016,PARUPPU VADAI,ING-005,,1.05
RCP-0269,ITEM-016,25 Person,UNMATCHED,,1.05
RCP-0270,ITEM-016,VADAI PARUPPU,ING-129,0.0,1.05
RCP-0271,ITEM-016,ONION,ING-065,0.0,1.05
RCP-0272,ITEM-016,SALT,ING-075,0.0,1.05
RCP-0273,ITEM-016,RICE FLOOR,ING-044,0.0,1.05
RCP-0274,ITEM-016,KEERAI,UNMATCHED,0.0,1.05
RCP-0275,ITEM-016,L.G POWDER,UNMATCHED,5.0,1.05
RCP-0276,ITEM-016,GARLIC,ING-048,0.0,1.05
RCP-0277,ITEM-016,GINGER,ING-050,0.0,1.05
RCP-0278,ITEM-016,RED CHILLY,ING-072,0.0,1.05
RCP-0279,ITEM-016,ANI SEEDS,UNMATCHED,0.0,1.05
RCP-0280,ITEM-016,Total,UNMATCHED,,1.05
RCP-0281,ITEM-016,Per gram,UNMATCHED,,1.05
RCP-0282,ITEM-017,PAYASAM,UNMATCHED,,1.05
RCP-0283,ITEM-017,25 Person,UNMATCHED,,1.05
RCP-0284,ITEM-017,PARUPPU,ING-005,0.0,1.05
RCP-0285,ITEM-017,VELLAM,UNMATCHED,0.0,1.05
RCP-0286,ITEM-017,GHEE,ING-049,0.0,1.05
RCP-0287,ITEM-017,CASHEW NUT,ING-015,0.0,1.05
RCP-0288,ITEM-017,MILK,ING-059,0.0,1.05
RCP-0289,ITEM-017,ELACHI,ING-013,0.0,1.05
RCP-0290,ITEM-017,Total,UNMATCHED,,1.05
RCP-0291,ITEM-017,Per gram,UNMATCHED,,1.05
RCP-0292,ITEM-018,TIFFEN SAMBAR,UNMATCHED,,1.05
RCP-0293,ITEM-018,25 Person r 3 LTR,UNMATCHED,,1.05
RCP-0294,ITEM-018,OIL,ING-008,0.0,1.05
RCP-0295,ITEM-018,KADUGU,UNMATCHED,0.0,1.05
RCP-0296,ITEM-018,ORID DHAL,UNMATCHED,0.0,1.05
RCP-0297,ITEM-018,JEERA,ING-035,0.0,1.05
RCP-0298,ITEM-018,RED CHILLY,ING-072,0.0,1.05
RCP-0299,ITEM-018,CURRY LEAVES,ING-037,5.0,1.05
RCP-0300,ITEM-018,BIG ONION,UNMATCHED,0.0,1.05
RCP-0301,ITEM-018,SMALL ONION,ING-079,0.0,1.05
RCP-0302,ITEM-018,TOMATO,ING-085,0.0,1.05
RCP-0303,ITEM-018,GREEN CHILLY,ING-012,0.0,1.05
RCP-0304,ITEM-018,TURMERIC POWDER,ING-088,0.0,1.05
RCP-0305,ITEM-018,CHILLY POWDER,ING-024,0.0,1.05
RCP-0306,ITEM-018,MALLI POWDER,UNMATCHED,0.0,1.05
RCP-0307,ITEM-018,SAMBAR POWDER,ING-070,0.0,1.05
RCP-0308,ITEM-018,L.G POWDER,UNMATCHED,0.0,1.05
RCP-0309,ITEM-018,SALT,ING-075,0.0,1.05
RCP-0310,ITEM-018,THUVARAM PARUPPU,ING-087,0.0,1.05
RCP-0311,ITEM-018,VELLAM,UNMATCHED,0.0,1.05
RCP-0312,ITEM-018,GHEE,ING-049,0.0,1.05
RCP-0313,ITEM-018,MALLI LEAVES,UNMATCHED,0.0,1.05
RCP-0314,ITEM-018,Total,UNMATCHED,0.0,1.05
RCP-0315,ITEM-018,Per gram,UNMATCHED,,1.05
RCP-0316,ITEM-019,UPMA,UNMATCHED,,1.05
RCP-0317,ITEM-019,25 Person,UNMATCHED,,1.05
RCP-0318,ITEM-019,OIL,ING-008,0.0,1.05
RCP-0319,ITEM-019,KADUGU,UNMATCHED,0.0,1.05
RCP-0320,ITEM-019,KADALAI PARUPPU,ING-005,0.0,1.05
RCP-0321,ITEM-019,ORID DHAL,UNMATCHED,0.0,1.05
RCP-0322,ITEM-019,GINGER,ING-050,0.0,1.05
RCP-0323,ITEM-019,ONION,ING-065,5.0,1.05
RCP-0324,ITEM-019,GREEN CHILLY,ING-012,0.0,1.05
RCP-0325,ITEM-019,CURRY LEAVES,ING-037,0.0,1.05
RCP-0326,ITEM-019,SALT,ING-075,0.0,1.05
RCP-0327,ITEM-019,SAMBA RAVA,ING-070,0.0,1.05
RCP-0328,ITEM-019,COCONUT OIL,ING-028,0.0,1.05
RCP-0329,ITEM-019,MALLI LEAVES,UNMATCHED,0.0,1.05
RCP-0330,ITEM-019,Total,UNMATCHED,,1.05
RCP-0331,ITEM-019,Per gram,UNMATCHED,,1.05
RCP-0332,ITEM-020,PONGAL,UNMATCHED,,1.05
RCP-0333,ITEM-020,25 Person,UNMATCHED,,1.05
RCP-0334,ITEM-020,OIL,ING-008,0.0,1.05
RCP-0335,ITEM-020,GHEE,ING-049,0.0,1.05
RCP-0336,ITEM-020,PEPPER,ING-006,0.0,1.05
RCP-0337,ITEM-020,JEERA,ING-035,0.0,1.05
RCP-0338,ITEM-020,GINGER,ING-050,0.0,1.05
RCP-0339,ITEM-020,CURRY LEAVES,ING-037,5.0,1.05
RCP-0340,ITEM-020,CASHEW NUTS,ING-015,0.0,1.05
RCP-0341,ITEM-020,PAASI PARUPPU,ING-061,0.0,1.05
RCP-0342,ITEM-020,RICE,ING-002,0.0,1.05
RCP-0343,ITEM-020,SALT,ING-075,0.0,1.05
RCP-0344,ITEM-020,L.G POWDER,UNMATCHED,0.0,1.05
RCP-0345,ITEM-020,Total,UNMATCHED,,1.05
RCP-0346,ITEM-020,Per gram,UNMATCHED,,1.05
RCP-0347,ITEM-021,RAVA KICHADI,UNMATCHED,,1.05
RCP-0348,ITEM-021,25 Person,UNMATCHED,,1.05
RCP-0349,ITEM-021,WHITE RAVA,ING-093,0.0,1.05
RCP-0350,ITEM-021,OIL,ING-008,0.0,1.05
RCP-0351,ITEM-021,KADUGU,UNMATCHED,0.0,1.05
RCP-0352,ITEM-021,ORID DHAL,UNMATCHED,0.0,1.05
RCP-0353,ITEM-021,KADALA PARUPPU,ING-005,0.0,1.05
RCP-0354,ITEM-021,GINGER,ING-050,5.0,1.05
RCP-0355,ITEM-021,ONION,ING-065,0.0,1.05
RCP-0356,ITEM-021,TOMATO,ING-085,0.0,1.05
RCP-0357,ITEM-021,GREEN CHILLY,ING-012,0.0,1.05
RCP-0358,ITEM-021,CURRY LEAVES,ING-037,0.0,1.05
RCP-0359,ITEM-021,TURMERIC POWDER,ING-088,0.0,1.05
RCP-0360,ITEM-021,SALT,ING-075,0.0,1.05
RCP-0361,ITEM-021,SUGAR,ING-081,0.0,1.05
RCP-0362,ITEM-021,MILK,ING-059,0.0,1.05
RCP-0363,ITEM-021,GHEE,ING-049,0.0,1.05
RCP-0364,ITEM-021,MALLI LEAVES,UNMATCHED,0.0,1.05
RCP-0365,ITEM-021,Total,UNMATCHED,,1.05
RCP-0366,ITEM-021,Per gram,UNMATCHED,,1.05
RCP-0367,ITEM-022,POORI MASALA,UNMATCHED,,1.05
RCP-0368,ITEM-022,25 Person,UNMATCHED,,1.05
RCP-0369,ITEM-022,OIL,ING-008,0.0,1.05
RCP-0370,ITEM-022,KADUGU,UNMATCHED,0.0,1.05
RCP-0371,ITEM-022,KADALA PARUPPU,ING-005,0.0,1.05
RCP-0372,ITEM-022,ONION,ING-065,0.0,1.05
RCP-0373,ITEM-022,GREEN CHILLY,ING-012,0.0,1.05
RCP-0374,ITEM-022,CURRY LEAVES,ING-037,5.0,1.05
RCP-0375,ITEM-022,POTATO,ING-069,0.0,1.05
RCP-0376,ITEM-022,MILK,ING-059,0.0,1.05
RCP-0377,ITEM-022,SALT,ING-075,0.0,1.05
RCP-0378,ITEM-022,COCONUT OIL,ING-028,0.0,1.05
RCP-0379,ITEM-022,TURMERIC POWDER,ING-088,0.0,1.05
RCP-0380,ITEM-022,GINGER,ING-050,0.0,1.05
RCP-0381,ITEM-022,Total,UNMATCHED,,1.05
RCP-0382,ITEM-022,Per gram,UNMATCHED,,1.05
RCP-0383,ITEM-023,ULLUNDHU VADAI,UNMATCHED,,1.05
RCP-0384,ITEM-023,80 Person,UNMATCHED,,1.05
RCP-0385,ITEM-023,ORID DHAL,UNMATCHED,0.0,1.05
RCP-0386,ITEM-023,JEERA,ING-035,0.0,1.05
RCP-0387,ITEM-023,PEPPER,ING-006,0.0,1.05
RCP-0388,ITEM-023,L.G POWDER,UNMATCHED,0.0,1.05
RCP-0389,ITEM-023,ONION,ING-065,0.0,1.05
RCP-0390,ITEM-023,RICE FLOUR,ING-044,5.0,1.05
RCP-0391,ITEM-023,SALT,ING-075,0.0,1.05
RCP-0392,ITEM-023,Total,UNMATCHED,,1.05
RCP-0393,ITEM-023,Per gram,UNMATCHED,,1.05
RCP-0394,ITEM-024,CURD RICE,UNMATCHED,,1.05
RCP-0395,ITEM-024,20 PLATES,UNMATCHED,,1.05
RCP-0396,ITEM-024,RICE,ING-002,0.0,1.05
RCP-0397,ITEM-024,MILK,ING-059,0.0,1.05
RCP-0398,ITEM-024,CURD RICE,UNMATCHED,0.0,1.05
RCP-0399,ITEM-024,OIL,ING-008,0.0,1.05
RCP-0400,ITEM-024,GHEE,ING-049,0.0,1.05
RCP-0401,ITEM-024,CURRY LEAVES,ING-037,5.0,1.05
RCP-0402,ITEM-024,CASHEW NUTS,ING-015,0.0,1.05
RCP-0403,ITEM-024,MALLI LEAVES,UNMATCHED,0.0,1.05
RCP-0404,ITEM-024,SALT,ING-075,,1.05
RCP-0405,ITEM-024,Total,UNMATCHED,,1.05
RCP-0406,ITEM-024,Per gram,UNMATCHED,,1.05
RCP-0407,ITEM-025,VEG BIRYANI,UNMATCHED,,1.05
RCP-0408,ITEM-025,20 PLATE,UNMATCHED,,1.05
RCP-0409,ITEM-025,OIL,ING-008,0.0,1.05
RCP-0410,ITEM-025,GHEE,ING-049,,1.05
RCP-0411,ITEM-025,PATTAI,ING-025,,1.05
RCP-0412,ITEM-025,ELACHI,ING-013,0.0,1.05
RCP-0413,ITEM-025,CLOVES,ING-027,0.0,1.05
RCP-0414,ITEM-025,KALPASI,UNMATCHED,0.0,1.05
RCP-0415,ITEM-025,ONION,ING-065,,1.05
RCP-0416,ITEM-025,GREEN CHILLY,ING-012,,1.05
RCP-0417,ITEM-025,TOMATO,ING-085,5.0,1.05
RCP-0418,ITEM-025,MINT LEAVES,ING-060,0.0,1.05
RCP-0419,ITEM-025,MALLI LEAVES,UNMATCHED,0.0,1.05
RCP-0420,ITEM-025,CURD,ING-036,0.0,1.05
RCP-0421,ITEM-025,SALT,ING-075,0.0,1.05
RCP-0422,ITEM-025,TURMERIC POWDER,ING-088,0.0,1.05
RCP-0423,ITEM-025,CHILLY POWDER,ING-024,0.0,1.05
RCP-0424,ITEM-025,LEMON,ING-056,0.0,1.05
RCP-0425,ITEM-025,BIRYANI RICE,UNMATCHED,0.0,1.05
RCP-0426,ITEM-025,G.G PASTE,UNMATCHED,0.0,1.05
RCP-0427,ITEM-025,Total,UNMATCHED,,1.05
RCP-0428,ITEM-025,Per gram,UNMATCHED,,1.05
RCP-0429,ITEM-026,CHICKEN OR MUTTON BIRYANI,ING-019,,1.05
RCP-0430,ITEM-026,20 PLATE,UNMATCHED,,1.05
RCP-0431,ITEM-026,OIL,ING-008,0.0,1.05
RCP-0432,ITEM-026,GHEE,ING-049,0.0,1.05
RCP-0433,ITEM-026,PATTAI,ING-025,0.0,1.05
RCP-0434,ITEM-026,ELACHI,ING-013,0.0,1.05
RCP-0435,ITEM-026,CLOVES,ING-027,0.0,1.05
RCP-0436,ITEM-026,KALPASI,UNMATCHED,0.0,1.05
RCP-0437,ITEM-026,ONION,ING-065,0.0,1.05
RCP-0438,ITEM-026,GREEN CHILLY,ING-012,0.0,1.05
RCP-0439,ITEM-026,TOMATO,ING-085,5.0,1.05
RCP-0440,ITEM-026,MINT LEAVES,ING-060,0.0,1.05
RCP-0441,ITEM-026,MALLI LEAVES,UNMATCHED,0.0,1.05
RCP-0442,ITEM-026,CURD,ING-036,0.0,1.05
RCP-0443,ITEM-026,SALT,ING-075,0.0,1.05
RCP-0444,ITEM-026,MALLI   POWDER,UNMATCHED,0.0,1.05
RCP-0445,ITEM-026,CHILLY POWDER,ING-024,0.0,1.05
RCP-0446,ITEM-026,MUTTON OR CHICKEN MASALA,ING-063,0.0,1.05
RCP-0447,ITEM-026,LEMON,ING-056,0.0,1.05
RCP-0448,ITEM-026,BIRYANI RICE,UNMATCHED,0.0,1.05
RCP-0449,ITEM-026,G.G PASTE,UNMATCHED,0.0,1.05
RCP-0450,ITEM-026,Total,UNMATCHED,,1.05
RCP-0451,ITEM-026,Per gram,UNMATCHED,,1.05
RCP-0452,ITEM-027,GHEE RICE,UNMATCHED,,1.05
RCP-0453,ITEM-027,20 PLATE,UNMATCHED,,1.05
RCP-0454,ITEM-027,OIL,ING-008,,1.05
RCP-0455,ITEM-027,GHEE,ING-049,,1.05
RCP-0456,ITEM-027,PATTAI,ING-025,,1.05
RCP-0457,ITEM-027,ELACHI,ING-013,,1.05
RCP-0458,ITEM-027,CLOVES,ING-027,,1.05
RCP-0459,ITEM-027,ANI SEEDS,UNMATCHED,,1.05
RCP-0460,ITEM-027,ONION,ING-065,,1.05
RCP-0461,ITEM-027,GREEN CHILLY,ING-012,,1.05
RCP-0462,ITEM-027,CURD,ING-036,,1.05
RCP-0463,ITEM-027,MILK,ING-059,,1.05
RCP-0464,ITEM-027,SALT,ING-075,,1.05
RCP-0465,ITEM-027,SUGAR,ING-081,,1.05
RCP-0466,ITEM-027,G.G PASTE,UNMATCHED,,1.05
RCP-0467,ITEM-027,CASHEW NUT,ING-015,,1.05
RCP-0468,ITEM-027,MINT LEAVES,ING-060,,1.05
RCP-0469,ITEM-027,Total,UNMATCHED,,1.05
RCP-0470,ITEM-027,Per gram,UNMATCHED,,1.05
RCP-0471,ITEM-028,KADALAI CURRY,ING-005,,1.05
RCP-0472,ITEM-028,50 CHAPATHI,UNMATCHED,,1.05
RCP-0473,ITEM-028,OIL,ING-008,,1.05
RCP-0474,ITEM-028,KADUGU,UNMATCHED,,1.05
RCP-0475,ITEM-028,ONION,ING-065,,1.05
RCP-0476,ITEM-028,GREE CHILLY,UNMATCHED,,1.05
RCP-0477,ITEM-028,TOMATO,ING-085,,1.05
RCP-0478,ITEM-028,CURRY LEAVES,ING-037,,1.05
RCP-0479,ITEM-028,TURMERIC POWDER,ING-088,,1.05
RCP-0480,ITEM-028,CHILLY POWDER,ING-024,,1.05
RCP-0481,ITEM-028,MALLI RAW,UNMATCHED,,1.05
RCP-0482,ITEM-028,RED CHILLY,ING-072,,1.05
RCP-0483,ITEM-028,JEERA,ING-035,,1.05
RCP-0484,ITEM-028,KASA KASA,UNMATCHED,,1.05
RCP-0485,ITEM-028,CASHEW  NUTS,ING-015,,1.05
RCP-0486,ITEM-028,COCONUT (GRAINDED),ING-028,,1.05
RCP-0487,ITEM-028,COCONUT OIL,ING-028,,1.05
RCP-0488,ITEM-028,MALLI LEAVES,UNMATCHED,,1.05
RCP-0489,ITEM-028,SALT,ING-075,,1.05
RCP-0490,ITEM-028,Total,UNMATCHED,0.0,1.05
RCP-0491,ITEM-028,Per gram,UNMATCHED,,1.05
RCP-0492,ITEM-029,CHICKEN OR MUTTON KULAMBHU,ING-019,,1.05
RCP-0493,ITEM-029,25 PERSON,UNMATCHED,,1.05
RCP-0494,ITEM-029,OIL,ING-008,,1.05
RCP-0495,ITEM-029,PATTAI,ING-025,,1.05
RCP-0496,ITEM-029,ELACHI,ING-013,,1.05
RCP-0497,ITEM-029,CLOVES,ING-027,,1.05
RCP-0498,ITEM-029,ANI SEEDS,UNMATCHED,,1.05
RCP-0499,ITEM-029,PEPPER,ING-006,,1.05
RCP-0500,ITEM-029,JEERA,ING-035,,1.05
RCP-0501,ITEM-029,RED CHILLY,ING-072,,1.05
RCP-0502,ITEM-029,MALLI LEAVES,UNMATCHED,,1.05
RCP-0503,ITEM-029,KASA KASA,UNMATCHED,,1.05
RCP-0504,ITEM-029,CASHEW NUT,ING-015,,1.05
RCP-0505,ITEM-029,TURMERIC POWDER,ING-088,,1.05
RCP-0506,ITEM-029,CHILLY POWDER,ING-024,,1.05
RCP-0507,ITEM-029,MALLI   POWDER,UNMATCHED,,1.05
RCP-0508,ITEM-029,MUTTON OR CHICKEN MASALA,ING-063,,1.05
RCP-0509,ITEM-029,CURRY MASALA,ING-037,,1.05
RCP-0510,ITEM-029,SMALL ONION,ING-079,,1.05
RCP-0511,ITEM-029,GREEN CHILLY,ING-012,,1.05
RCP-0512,ITEM-029,TOMATO,ING-085,,1.05
RCP-0513,ITEM-029,G.G PASTE,UNMATCHED,,1.05
RCP-0514,ITEM-029,CURRY LEAVES,ING-037,,1.05
RCP-0515,ITEM-029,SALT,ING-075,,1.05
RCP-0516,ITEM-029,COCONUT OIL,ING-028,,1.05
RCP-0517,ITEM-030,PANNER BUTTER MASALA,UNMATCHED,,1.05
RCP-0518,ITEM-030,50 CHAPATHI,UNMATCHED,,1.05
RCP-0519,ITEM-030,OIL,ING-008,,1.05
RCP-0520,ITEM-030,PATTAI,ING-025,,1.05
RCP-0521,ITEM-030,KASA KASA,UNMATCHED,,1.05
RCP-0522,ITEM-030,ONION,ING-065,,1.05
RCP-0523,ITEM-030,G.G PASTE,UNMATCHED,,1.05
RCP-0524,ITEM-030,CASHEW NUTS,ING-015,,1.05
RCP-0525,ITEM-030,KASHMIRI CHILLY POWDER,ING-106,,1.05
RCP-0526,ITEM-030,KAUSTHURI METHI,UNMATCHED,,1.05
RCP-0527,ITEM-030,SUGAR,ING-081,,1.05
RCP-0528,ITEM-030,SALT,ING-075,,1.05
RCP-0529,ITEM-030,TOMATO SAUCE,ING-085,,1.05
RCP-0530,ITEM-030,MILK,ING-059,,1.05
RCP-0531,ITEM-030,BUTTER,ING-010,,1.05
RCP-0532,ITEM-030,GARAM MASALA,ING-046,,1.05
RCP-0533,ITEM-030,PANNER,UNMATCHED,,1.05
RCP-0534,ITEM-030,CAPSICUM,ING-012,,1.05
RCP-0535,ITEM-030,TOMATO,ING-085,,1.05
RCP-0536,ITEM-031,KARA CHATNI,UNMATCHED,,1.05
RCP-0537,ITEM-031,25 PERSONS,UNMATCHED,,1.05
RCP-0538,ITEM-031,OIL,ING-008,,1.05
RCP-0539,ITEM-031,KASDALAI PARUPPU,UNMATCHED,,1.05
RCP-0540,ITEM-031,ORID DHAL,UNMATCHED,,1.05
RCP-0541,ITEM-031,PULI,ING-083,,1.05
RCP-0542,ITEM-031,RED CHILLY,ING-072,,1.05
RCP-0543,ITEM-031,GARLIC,ING-048,,1.05
RCP-0544,ITEM-031,GINGER,ING-050,,1.05
RCP-0545,ITEM-031,ONION,ING-065,,1.05
RCP-0546,ITEM-031,TOMATO,ING-085,,1.05
RCP-0547,ITEM-031,TERMERIC POWDER,UNMATCHED,,1.05
RCP-0548,ITEM-031,MINT LEAVES,ING-060,,1.05
RCP-0549,ITEM-031,COCONUT (GRAINDED),ING-028,,1.05
RCP-0550,ITEM-031,SALT,ING-075,,1.05
RCP-0551,ITEM-031,L.G POWDER,UNMATCHED,,1.05
RCP-0552,ITEM-032,TOMATO CHATNI,ING-085,,1.05
RCP-0553,ITEM-032,25 PERSONS,UNMATCHED,,1.05
RCP-0554,ITEM-032,OIL,ING-008,,1.05
RCP-0555,ITEM-032,ONION,ING-065,,1.05
RCP-0556,ITEM-032,KADUGU,UNMATCHED,,1.05
RCP-0557,ITEM-032,TOMATO,ING-085,,1.05
RCP-0558,ITEM-032,GREEN CHILLY,ING-012,,1.05
RCP-0559,ITEM-032,CURRY LEAVES,ING-037,,1.05
RCP-0560,ITEM-032,GARLIC,ING-048,,1.05
RCP-0561,ITEM-032,TURMERIC POWDER,ING-088,,1.05
RCP-0562,ITEM-032,CHILLY POWDER,ING-024,,1.05
RCP-0563,ITEM-032,MALLI POWDER,UNMATCHED,,1.05
RCP-0564,ITEM-032,GINGELLY OIL,ING-050,,1.05
RCP-0565,ITEM-032,SALT,ING-075,,1.05
RCP-0566,ITEM-033,COCONUT CHATNI,ING-028,,1.05
RCP-0567,ITEM-033,25 PERSONS,UNMATCHED,,1.05
RCP-0568,ITEM-033,COCONUT (GRINDED),ING-028,,1.05
RCP-0569,ITEM-033,POTTU KADALAI,UNMATCHED,,1.05
RCP-0570,ITEM-033,PULI,ING-083,,1.05
RCP-0571,ITEM-033,GINGER,ING-050,,1.05
RCP-0572,ITEM-033,GARLIC,ING-048,,1.05
RCP-0573,ITEM-033,SALT,ING-075,,1.05
RCP-0574,ITEM-033,GREEN CHILLY,ING-012,,1.05
RCP-0575,ITEM-034,TEA,ING-084,,1.05
RCP-0576,ITEM-034,25 PERSONS,UNMATCHED,,1.05
RCP-0577,ITEM-034,MILK,ING-059,0.0,1.05
RCP-0578,ITEM-034,SUGAR,ING-081,0.0,1.05
RCP-0579,ITEM-034,TEA POWDER,ING-084,0.0,1.05
RCP-0580,ITEM-034,GINGER,ING-050,0.0,1.05
RCP-0581,ITEM-034,ELACHI,ING-013,0.0,1.05
RCP-0582,ITEM-034,SUKKU PAL,UNMATCHED,,1.05
RCP-0583,ITEM-034,25 PERSONS,UNMATCHED,,1.05
RCP-0584,ITEM-034,MILK,ING-059,0.0,1.05
RCP-0585,ITEM-034,SUGAR,ING-081,0.0,1.05
RCP-0586,ITEM-034,SUKKU POWDER,UNMATCHED,0.0,1.05
